{
    "Description of the app for F-Droid Store. One sentence, no more than 30-50 chars, no trailing punctuation, focus on actions what the users does with the app, e.g. \"Read and send emails\" instead of \"Email client\".": {
        "store_short_description": "保持APP运行的同时关闭屏幕"
    },
    "Description of the app for F-Droid Store. Can conatin simple html.": {
        "store_full_description": "<p>\n   如今，大多数智能手机都具有续航很长的电池，但是谁又不想让手机续航哪怕再长一个小时呢？\n   使用某些应用程序时，您不一定需要屏幕显示。 那么，为什么不关掉屏幕呢？  <b>电池电量的20％</b>\n   都被屏幕消耗了。\n </p>\n\n <p>\n   FakeStandby是一个Android应用程序，可以在保持应用程序运行的同时关闭屏幕。 前台工作也能用，这意味着\n   你可以\n\n   <ul>\n     <li>在YouTube上听音乐</ li>\n     <li>在WhatsApp和其他社交软件上在线停留</ li>\n     <li>在运行您喜欢的游戏</ li>\n   </ul>\n\n   时关闭屏幕。\n </ p>\n"
    },
    "Changelog for version 1.2.1": {
        "store_changelog_4": "+加入网址链接，源代码链接和许可证"
    },
    "Changelog for version 1.2.2": {
        "store_changelog_5": "￼\n +现在开始，屏幕上的导航按钮（主页，后退，最近使用的应用程序）都会被黑色覆盖。\n +当您的设备是刘海屏时，“刘海”两侧也应该覆盖好。\n +现在，设置中的导航栏已正确设置了主题。\n +改进了横屏下应用程序的稳定性。"
    },
    "Changelog vor version 1.2.3": {
        "store_changelog_6": "+该应用程序现提供已西班牙语。"
    },
    "Changelog for version 1.3.0": {
        "store_changelog_7": "+该应用程序现在支持以下6种新语言：\n   -中文（简体，100％）\n   -法语（76％）\n   -印地语（76％）\n   -波斯语（17％）\n   -葡萄牙语（76％）\n   -俄语（63％）\n +添加了一项设置，以为不支持快速设置的设备启用持久通知。\n +添加了在开机时启动假待机的设置\n +该应用程序现在获取了唤醒锁。 这应该解决许多问题。\n +添加了用于启动和停止Fake Standby的导出活动。 这样您就可以启动\n   来自自动化应用程序的叠加层。\n   （这没有经过很好的测试。请报告与此有关的任何问题。）\n +添加了Fastlane以及本地化和设备特定的屏幕截图。\n\n -删除了对话框上的冗余按钮，该按钮建议重新启动设备。"
    },
    "Changelog for version 1.3.1": {
        "store_changelog_8": "+ 从PoEditor获得翻译\n+ 增加了简（繁）体，乌克兰语，波兰语，意大利语，印度尼西亚语"
    },
    "Changelog for version 1.3.2": {
        "store_changelog_9": "+ 新增阿拉伯语翻译。应用现支持18种语言。\n+ 导入了翻译平台上的全部译文。\n+ 应用名可以翻译了\n+ 感谢@Gitoffthelawn 拉取请求，本应用得以改进拼写和 "
    },
    "Changelog for version 1.3.3": {
        "store_changelog_10": "* Target Android version改为Android 11。"
    },
    "Changelog for version 1.3.4": {
        "store_changelog_11": "\n"
    },
    "Changelog for version 1.3.5": {
        "store_changelog_12": "+ 添加了新翻译。您现在可在24种语言中任选一种\n来显示应用界面\n* 修复了 issue #55"
    }
}