{
    "Description of the app for F-Droid Store. One sentence, no more than 30-50 chars, no trailing punctuation, focus on actions what the users does with the app, e.g. \"Read and send emails\" instead of \"Email client\".": {
        "store_short_description": "ऐप चलते वक़्त भी अपना स्क्रीन बंद रखने के लिए"
    },
    "Description of the app for F-Droid Store. Can conatin simple html.": {
        "store_full_description": "<p>\nआज कल ज्यादातर स्मार्टफोनो में बैटरियां देर तक काम करती हैं, पर ऐसा कोई नहीं होगा जो अपने फोन को 1 घंटा ज्यादा ना चलाना चाहे?\nकुछ ऐप का इस्तेमाल करते वक्त हमें स्क्रीन की जरूरत नहीं पड़ती है। तो क्यों ना स्क्रीन को बंद कर दिया जाए? <b>20% पॉवर</b> सिर्फ आप के स्क्रीन को चालू रखने में खर्च हो जाती है।\n</p>\n\n<p>\nफेकस्टेंडबाई एक ऐसा ऐप है जो आप के स्क्रीन को बंद करदेता साथ ही साथ सारी फॉरेग्राउंड ऐप्स आम तरीके से ही कार्य करती रहती हैं। जिसकी मदद से अब आप \n\n<ul>\n<li>यूट्यूब पर गाने</li>\n<li>व्हाट्सएप तथा अन्य मैसेंजर एप्प्स पे ऑनलाइन रह सकते है</li>\n<li>अपना मनपसंद गेम जारी रख सकते है</li>\n</ul>\n\nऔर ये सब करते वक्त आप का स्क्रीन बंद रहेगा।\n</p>"
    },
    "Changelog for version 1.2.1": {
        "store_changelog_4": "अब ऐप में वेबसाइट लिंक, सोर्स कोड और लाइसेंस नोट जोर दिए गए हैं।"
    },
    "Changelog for version 1.2.2": {
        "store_changelog_5": "+ अब नेवीगेशन बार के बटन्स (होम, बैक, रीसेंट ऐप्स) भी काले रंग से ढक जायेंगे।\n+ अगर आप के डिवाइस में नोच है, तो उसके अगल-बगल के हिस्से भी ढक जायेंगे।\n+ सेटिंग्स में अब नेवीगेशन बार अच्छी तर्के से थीम किया गया है।\n+ लैंडस्केप में ऐप को इस्तेमाल करते समय अब स्टेबिलिटी सही करदी गई है।\n"
    },
    "Changelog vor version 1.2.3": {
        "store_changelog_6": "+ ये ऐप अब स्पेनिश भाषा में मौजूद है।"
    }
}