{
  "project_info": {
    "project_number": "480157838999",
    "project_id": "truckbook-3bcbc",
    "storage_bucket": "truckbook-3bcbc.appspot.com"
  },
  "client": [
    {
      "client_info": {
        "mobilesdk_app_id": "1:480157838999:android:c38820f1c2d2b9a201c3d2",
        "android_client_info": {
          "package_name": "com.jonas.fakestandby"
        }
      },
      "oauth_client": [
        {
          "client_id": "480157838999-rfbiktak54q5v2hgjs97ktfl9muu2ldj.apps.googleusercontent.com",
          "client_type": 1,
          "android_info": {
            "package_name": "com.jonas.fakestandby",
            "certificate_hash": "4854820a6c16d9aafaa56afb0a2f8f5c0e9d10b8"
          }
        },
        {
          "client_id": "480157838999-f9jut4112oone3vhrh2396p8401569gr.apps.googleusercontent.com",
          "client_type": 3
        }
      ],
      "api_key": [
        {
          "current_key": "AIzaSyCTE4GhDsOcBAX3aCcAwhVFRFSv_QDM0TQ"
        }
      ],
      "services": {
        "appinvite_service": {
          "other_platform_oauth_client": [
            {
              "client_id": "480157838999-f9jut4112oone3vhrh2396p8401569gr.apps.googleusercontent.com",
              "client_type": 3
            }
          ]
        }
      }
    }
  ],
  "configuration_version": "1"
}